dataset,graphType,promptTitle,xCategory_1,xCategory_2,yCategory,prompt,taskCategory,questionCategory,description,questionType,corrFilename,filenameArray,graphPNG,,xCategory_1,xCategory_2,corrAns,x1_facetF,x1_facetT,x2_facetF,x2_facetT,promptCategory_1,promptCategory_2,prompt_1,prompt_2
flights,barchart,New York City Flights,origin,carrier,distance,"On average, what is the distance that American Airlines travels when departing from JFK?",retrieve_value,1,"This data visualization is intended to show information about: <b> distances that different airline carriers travel when departing from different NYC Tri-State airports</b>. In this dataset, there are 4 airline carriers called “United”, “Delta”, “JetBlue”, and “American” and 3 airports called “EWR”, “JFK”, and “LGA”.",numerical,flights_x1carrier_facetorigin_reorderlarge_to_small_colorrainbow.png,"flights_x1origin_facetnone_reorderlarge_to_small_colorrainbow.png,flights_x1carrier_facetnone_reorderalph_colorrainbow.png,flights_x1carrier_facetnone_reorderlarge_to_small_colorrainbow.png,flights_x1carrier_facetorigin_reorderalph_colorrainbow.png,flights_x1carrier_facetorigin_reorderlarge_to_small_colorrainbow.png,flights_x1origin_facetcarrier_reorderalph_colorrainbow.png,flights_x1origin_facetcarrier_reorderlarge_to_small_colorrainbow.png,flights_x1origin_facetnone_reorderalph_colorrainbow.png",,CAT2xCAT1,origin,carrier,1446.2,F,T,F,T,T,T,origin,carrier
flights,barchart,New York City Flights,origin,carrier,distance,"On average, what is the distance traveled by flights departing from JFK?",retrieve_value,2,"This data visualization is intended to show information about: <b> distances that different airline carriers travel when departing from different NYC Tri-State airports</b>. In this dataset, there are 4 airline carriers called “United”, “Delta”, “JetBlue”, and “American” and 3 airports called “EWR”, “JFK”, and “LGA”.",numerical,flights_x1origin_facetnone_reorderlarge_to_small_colorrainbow.png,"flights_x1origin_facetnone_reorderlarge_to_small_colorrainbow.png,flights_x1carrier_facetnone_reorderalph_colorrainbow.png,flights_x1carrier_facetnone_reorderlarge_to_small_colorrainbow.png,flights_x1carrier_facetorigin_reorderalph_colorrainbow.png,flights_x1carrier_facetorigin_reorderlarge_to_small_colorrainbow.png,flights_x1origin_facetcarrier_reorderalph_colorrainbow.png,flights_x1origin_facetcarrier_reorderlarge_to_small_colorrainbow.png,flights_x1origin_facetnone_reorderalph_colorrainbow.png",,CAT1,origin,carrier,1202.19,*,T,F,T,T,F,origin,NA
flights,barchart,New York City Flights,origin,carrier,distance,"On average, how much further do airlines travel when departing from Newark compared to JFK?",make_comparisons,3,"This data visualization is intended to show information about: <b> distances that different airline carriers travel when departing from different NYC Tri-State airports</b>. In this dataset, there are 4 airline carriers called “United”, “Delta”, “JetBlue”, and “American” and 3 airports called “EWR”, “JFK”, and “LGA”.",numerical,flights_x1origin_facetnone_reorderlarge_to_small_colorrainbow.png,"flights_x1origin_facetnone_reorderlarge_to_small_colorrainbow.png,flights_x1carrier_facetnone_reorderalph_colorrainbow.png,flights_x1carrier_facetnone_reorderlarge_to_small_colorrainbow.png,flights_x1carrier_facetorigin_reorderalph_colorrainbow.png,flights_x1carrier_facetorigin_reorderlarge_to_small_colorrainbow.png,flights_x1origin_facetcarrier_reorderalph_colorrainbow.png,flights_x1origin_facetcarrier_reorderlarge_to_small_colorrainbow.png,flights_x1origin_facetnone_reorderalph_colorrainbow.png",,CAT1,origin,carrier,131.48,*,T,F,T,T,F,origin,NA
flights,barchart,New York City Flights,origin,carrier,distance,"On average, how much further do American Airline flights departing from JFK travel compared to when they are departing from LaGuardia?",make_comparisons,4,"This data visualization is intended to show information about: <b> distances that different airline carriers travel when departing from different NYC Tri-State airports</b>. In this dataset, there are 4 airline carriers called “United”, “Delta”, “JetBlue”, and “American” and 3 airports called “EWR”, “JFK”, and “LGA”.",numerical,flights_x1origin_facetcarrier_reorderlarge_to_small_colorrainbow.png,"flights_x1origin_facetnone_reorderlarge_to_small_colorrainbow.png,flights_x1carrier_facetnone_reorderalph_colorrainbow.png,flights_x1carrier_facetnone_reorderlarge_to_small_colorrainbow.png,flights_x1carrier_facetorigin_reorderalph_colorrainbow.png,flights_x1carrier_facetorigin_reorderlarge_to_small_colorrainbow.png,flights_x1origin_facetcarrier_reorderalph_colorrainbow.png,flights_x1origin_facetcarrier_reorderlarge_to_small_colorrainbow.png,flights_x1origin_facetnone_reorderalph_colorrainbow.png",,CAT1xCAT2,origin,carrier,300.64,F,*,F,T,T,T,origin,carrier
flights,barchart,New York City Flights,origin,carrier,distance,How much further does the airline traveling the longest distance travel compared to the airline traveling the shortest distance?,determine_range,5,"This data visualization is intended to show information about: <b> distances that different airline carriers travel when departing from different NYC Tri-State airports</b>. In this dataset, there are 4 airline carriers called “United”, “Delta”, “JetBlue”, and “American” and 3 airports called “EWR”, “JFK”, and “LGA”.",numerical,flights_x1carrier_facetnone_reorderlarge_to_small_colorrainbow.png,"flights_x1origin_facetnone_reorderlarge_to_small_colorrainbow.png,flights_x1carrier_facetnone_reorderalph_colorrainbow.png,flights_x1carrier_facetnone_reorderlarge_to_small_colorrainbow.png,flights_x1carrier_facetorigin_reorderalph_colorrainbow.png,flights_x1carrier_facetorigin_reorderlarge_to_small_colorrainbow.png,flights_x1origin_facetcarrier_reorderalph_colorrainbow.png,flights_x1origin_facetcarrier_reorderlarge_to_small_colorrainbow.png,flights_x1origin_facetnone_reorderalph_colorrainbow.png",,CAT2,origin,carrier,663.54,F,T,*,T,F,T,NA,carrier
flights,barchart,New York City Flights,origin,carrier,distance,"Within flights departing from JFK, how much further does the airline traveling the longest distance travel compared to the airline traveling the shortest distance?",determine_range,6,"This data visualization is intended to show information about: <b> distances that different airline carriers travel when departing from different NYC Tri-State airports</b>. In this dataset, there are 4 airline carriers called “United”, “Delta”, “JetBlue”, and “American” and 3 airports called “EWR”, “JFK”, and “LGA”.",numerical,flights_x1carrier_facetorigin_reorderlarge_to_small_colorrainbow.png,"flights_x1origin_facetnone_reorderlarge_to_small_colorrainbow.png,flights_x1carrier_facetnone_reorderalph_colorrainbow.png,flights_x1carrier_facetnone_reorderlarge_to_small_colorrainbow.png,flights_x1carrier_facetorigin_reorderalph_colorrainbow.png,flights_x1carrier_facetorigin_reorderlarge_to_small_colorrainbow.png,flights_x1origin_facetcarrier_reorderalph_colorrainbow.png,flights_x1origin_facetcarrier_reorderlarge_to_small_colorrainbow.png,flights_x1origin_facetnone_reorderalph_colorrainbow.png",,CAT2xCAT1,origin,carrier,667.6,F,*,F,T,T,T,origin,carrier
movies,barchart,Movie ratings ,movie genre,decade,rating,"On average, what is the rating of 1990s movies within the Action genre?",retrieve_value,1,"This data visualization is intended to show information about: <b>movie ratings of different genres across different decades</b>. In this dataset, there are 4 movie genres “Action”, “Comedy”, “Drama”, and “Romance” and 4 decades spanning the “1970s”, “1980s”, “1990s”, “2000s”.",numerical,movies_x1decade_facetgenre_reorderlarge_to_small_colorrainbow.png,"movies_x1decade_facetgenre_reorderalph_colorrainbow.png,movies_x1decade_facetgenre_reorderlarge_to_small_colorrainbow.png,movies_x1decade_facetnone_reorderalph_colorrainbow.png,movies_x1decade_facetnone_reorderlarge_to_small_colorrainbow.png,movies_x1genre_facetdecade_reorderalph_colorrainbow.png,movies_x1genre_facetdecade_reorderlarge_to_small_colorrainbow.png,movies_x1genre_facetnone_reorderalph_colorrainbow.png,movies_x1genre_facetnone_reorderlarge_to_small_colorrainbow.png",,CAT2xCAT1,movie genre,decade,4.45,F,T,F,T,T,T,movie,decade
movies,barchart,Movie ratings ,movie genre,decade,rating,"On average, what is the rating of Action movies?",retrieve_value,2,"This data visualization is intended to show information about: <b>movie ratings of different genres across different decades</b>. In this dataset, there are 4 movie genres “Action”, “Comedy”, “Drama”, and “Romance” and 4 decades spanning the “1970s”, “1980s”, “1990s”, “2000s”.",numerical,movies_x1genre_facetnone_reorderlarge_to_small_colorrainbow.png,"movies_x1decade_facetgenre_reorderalph_colorrainbow.png,movies_x1decade_facetgenre_reorderlarge_to_small_colorrainbow.png,movies_x1decade_facetnone_reorderalph_colorrainbow.png,movies_x1decade_facetnone_reorderlarge_to_small_colorrainbow.png,movies_x1genre_facetdecade_reorderalph_colorrainbow.png,movies_x1genre_facetdecade_reorderlarge_to_small_colorrainbow.png,movies_x1genre_facetnone_reorderalph_colorrainbow.png,movies_x1genre_facetnone_reorderlarge_to_small_colorrainbow.png",,CAT1,movie genre,decade,4.87,*,T,F,T,T,F,movie,NA
movies,barchart,Movie ratings ,movie genre,decade,rating,"On average, how much higher are ratings of Drama movies compared to the Comedy movies? ",make_comparisons,3,"This data visualization is intended to show information about: <b>movie ratings of different genres across different decades</b>. In this dataset, there are 4 movie genres “Action”, “Comedy”, “Drama”, and “Romance” and 4 decades spanning the “1970s”, “1980s”, “1990s”, “2000s”.",numerical,movies_x1genre_facetnone_reorderlarge_to_small_colorrainbow.png,"movies_x1decade_facetgenre_reorderalph_colorrainbow.png,movies_x1decade_facetgenre_reorderlarge_to_small_colorrainbow.png,movies_x1decade_facetnone_reorderalph_colorrainbow.png,movies_x1decade_facetnone_reorderlarge_to_small_colorrainbow.png,movies_x1genre_facetdecade_reorderalph_colorrainbow.png,movies_x1genre_facetdecade_reorderlarge_to_small_colorrainbow.png,movies_x1genre_facetnone_reorderalph_colorrainbow.png,movies_x1genre_facetnone_reorderlarge_to_small_colorrainbow.png",,CAT1,movie genre,decade,0.33,*,T,F,T,T,F,movie,NA
movies,barchart,Movie ratings ,movie genre,decade,rating,"On average, how much higher are ratings of Action movies from the 2000s compared to the 1990s?",make_comparisons,4,"This data visualization is intended to show information about: <b>movie ratings of different genres across different decades</b>. In this dataset, there are 4 movie genres “Action”, “Comedy”, “Drama”, and “Romance” and 4 decades spanning the “1970s”, “1980s”, “1990s”, “2000s”.",numerical,movies_x1genre_facetdecade_reorderlarge_to_small_colorrainbow.png,"movies_x1decade_facetgenre_reorderalph_colorrainbow.png,movies_x1decade_facetgenre_reorderlarge_to_small_colorrainbow.png,movies_x1decade_facetnone_reorderalph_colorrainbow.png,movies_x1decade_facetnone_reorderlarge_to_small_colorrainbow.png,movies_x1genre_facetdecade_reorderalph_colorrainbow.png,movies_x1genre_facetdecade_reorderlarge_to_small_colorrainbow.png,movies_x1genre_facetnone_reorderalph_colorrainbow.png,movies_x1genre_facetnone_reorderlarge_to_small_colorrainbow.png",,CAT1xCAT2,movie genre,decade,1.12,F,*,F,T,T,T,movie,decade
movies,barchart,Movie ratings ,movie genre,decade,rating,How much higher are ratings of movies from the decade with the highest ratings compared to the decade with the lowest ratings?,determine_range,5,"This data visualization is intended to show information about: <b>movie ratings of different genres across different decades</b>. In this dataset, there are 4 movie genres “Action”, “Comedy”, “Drama”, and “Romance” and 4 decades spanning the “1970s”, “1980s”, “1990s”, “2000s”.",numerical,movies_x1decade_facetnone_reorderlarge_to_small_colorrainbow.png,"movies_x1decade_facetgenre_reorderalph_colorrainbow.png,movies_x1decade_facetgenre_reorderlarge_to_small_colorrainbow.png,movies_x1decade_facetnone_reorderalph_colorrainbow.png,movies_x1decade_facetnone_reorderlarge_to_small_colorrainbow.png,movies_x1genre_facetdecade_reorderalph_colorrainbow.png,movies_x1genre_facetdecade_reorderlarge_to_small_colorrainbow.png,movies_x1genre_facetnone_reorderalph_colorrainbow.png,movies_x1genre_facetnone_reorderlarge_to_small_colorrainbow.png",,CAT2,movie genre,decade,0.87,F,T,*,T,F,T,NA,decade
movies,barchart,Movie ratings ,movie genre,decade,rating,"Within Drama movies, how much higher are ratings from the decade with the highest ratings compared to the decade with the lowest ratings? ",determine_range,6,"This data visualization is intended to show information about: <b>movie ratings of different genres across different decades</b>. In this dataset, there are 4 movie genres “Action”, “Comedy”, “Drama”, and “Romance” and 4 decades spanning the “1970s”, “1980s”, “1990s”, “2000s”.",numerical,movies_x1decade_facetgenre_reorderlarge_to_small_colorrainbow.png,"movies_x1decade_facetgenre_reorderalph_colorrainbow.png,movies_x1decade_facetgenre_reorderlarge_to_small_colorrainbow.png,movies_x1decade_facetnone_reorderalph_colorrainbow.png,movies_x1decade_facetnone_reorderlarge_to_small_colorrainbow.png,movies_x1genre_facetdecade_reorderalph_colorrainbow.png,movies_x1genre_facetdecade_reorderlarge_to_small_colorrainbow.png,movies_x1genre_facetnone_reorderalph_colorrainbow.png,movies_x1genre_facetnone_reorderlarge_to_small_colorrainbow.png",,CAT2xCAT1,movie genre,decade,1.47,F,*,F,T,T,T,movie,decade
happiness,barchart,Survey about Happiness,happy,region,education,"On average, what is the education level of people living on the West Coast who report being very happy?",retrieve_value,1,"This data visualization is intended to show information about: <b>education levels of people who report different levels of happiness across different regions of the United States</b>. In this dataset, there are 3 levels of happiness categorized as “very happy”, “pretty happy”, and “not too happy” and 4 regions spanning the East Coast, Midwest, South, and West Coast.",numerical,happiness_x1region_facethappy_reorderlarge_to_small_colorrainbow.png,"happiness_x1happy_facetnone_reorderalph_colorrainbow.png,happiness_x1happy_facetnone_reorderlarge_to_small_colorrainbow.png,happiness_x1happy_facetregion_reorderalph_colorrainbow.png,happiness_x1happy_facetregion_reorderlarge_to_small_colorrainbow.png,happiness_x1region_facethappy_reorderalph_colorrainbow.png,happiness_x1region_facethappy_reorderlarge_to_small_colorrainbow.png,happiness_x1region_facetnone_reorderalph_colorrainbow.png,happiness_x1region_facetnone_reorderlarge_to_small_colorrainbow.png",,CAT2xCAT1,happy,region,13.57,F,T,F,T,T,T,happy,region
happiness,barchart,Survey about Happiness,happy,region,education,"On average, what is the education level of people who report being pretty happy?",retrieve_value,2,"This data visualization is intended to show information about: <b>education levels of people who report different levels of happiness across different regions of the United States</b>. In this dataset, there are 3 levels of happiness categorized as “very happy”, “pretty happy”, and “not too happy” and 4 regions spanning the East Coast, Midwest, South, and West Coast.",numerical,happiness_x1happy_facetnone_reorderlarge_to_small_colorrainbow.png,"happiness_x1happy_facetnone_reorderalph_colorrainbow.png,happiness_x1happy_facetnone_reorderlarge_to_small_colorrainbow.png,happiness_x1happy_facetregion_reorderalph_colorrainbow.png,happiness_x1happy_facetregion_reorderlarge_to_small_colorrainbow.png,happiness_x1region_facethappy_reorderalph_colorrainbow.png,happiness_x1region_facethappy_reorderlarge_to_small_colorrainbow.png,happiness_x1region_facetnone_reorderalph_colorrainbow.png,happiness_x1region_facetnone_reorderlarge_to_small_colorrainbow.png",,CAT1,happy,region,13.49,*,T,F,T,T,F,happy,NA
happiness,barchart,Survey about Happiness,happy,region,education,"On average, how much higher is the education level of people who report being very happy compared to people who report being unhappy? ",make_comparisons,3,"This data visualization is intended to show information about: <b>education levels of people who report different levels of happiness across different regions of the United States</b>. In this dataset, there are 3 levels of happiness categorized as “very happy”, “pretty happy”, and “not too happy” and 4 regions spanning the East Coast, Midwest, South, and West Coast.",numerical,happiness_x1happy_facetnone_reorderlarge_to_small_colorrainbow.png,"happiness_x1happy_facetnone_reorderalph_colorrainbow.png,happiness_x1happy_facetnone_reorderlarge_to_small_colorrainbow.png,happiness_x1happy_facetregion_reorderalph_colorrainbow.png,happiness_x1happy_facetregion_reorderlarge_to_small_colorrainbow.png,happiness_x1region_facethappy_reorderalph_colorrainbow.png,happiness_x1region_facethappy_reorderlarge_to_small_colorrainbow.png,happiness_x1region_facetnone_reorderalph_colorrainbow.png,happiness_x1region_facetnone_reorderlarge_to_small_colorrainbow.png",,CAT1,happy,region,0.05,*,T,F,T,T,F,happy,NA
happiness,barchart,Survey about Happiness,happy,region,education,"On average, how much higher is the education level of people living in the South who report being unhappy compared to those who report being very happy? ",make_comparisons,4,"This data visualization is intended to show information about: <b>education levels of people who report different levels of happiness across different regions of the United States</b>. In this dataset, there are 3 levels of happiness categorized as “very happy”, “pretty happy”, and “not too happy” and 4 regions spanning the East Coast, Midwest, South, and West Coast.",numerical,happiness_x1happy_facetregion_reorderlarge_to_small_colorrainbow.png,"happiness_x1happy_facetnone_reorderalph_colorrainbow.png,happiness_x1happy_facetnone_reorderlarge_to_small_colorrainbow.png,happiness_x1happy_facetregion_reorderalph_colorrainbow.png,happiness_x1happy_facetregion_reorderlarge_to_small_colorrainbow.png,happiness_x1region_facethappy_reorderalph_colorrainbow.png,happiness_x1region_facethappy_reorderlarge_to_small_colorrainbow.png,happiness_x1region_facetnone_reorderalph_colorrainbow.png,happiness_x1region_facetnone_reorderlarge_to_small_colorrainbow.png",,CAT1xCAT2,happy,region,3.5,F,*,F,T,T,T,happy,region
happiness,barchart,Survey about Happiness,happy,region,education,How much higher are education levels between the region with the highest education level compared to the region with the lowest education level?,determine_range,5,"This data visualization is intended to show information about: <b>education levels of people who report different levels of happiness across different regions of the United States</b>. In this dataset, there are 3 levels of happiness categorized as “very happy”, “pretty happy”, and “not too happy” and 4 regions spanning the East Coast, Midwest, South, and West Coast.",numerical,happiness_x1region_facetnone_reorderlarge_to_small_colorrainbow.png,"happiness_x1happy_facetnone_reorderalph_colorrainbow.png,happiness_x1happy_facetnone_reorderlarge_to_small_colorrainbow.png,happiness_x1happy_facetregion_reorderalph_colorrainbow.png,happiness_x1happy_facetregion_reorderlarge_to_small_colorrainbow.png,happiness_x1region_facethappy_reorderalph_colorrainbow.png,happiness_x1region_facethappy_reorderlarge_to_small_colorrainbow.png,happiness_x1region_facetnone_reorderalph_colorrainbow.png,happiness_x1region_facetnone_reorderlarge_to_small_colorrainbow.png",,CAT2,happy,region,0.05,F,T,*,T,F,T,NA,region
happiness,barchart,Survey about Happiness,happy,region,education,"Within people who report being very happy, how much higher are education levels between the region with the highest education level compared to the region with the lowest education level? ",determine_range,6,"This data visualization is intended to show information about: <b>education levels of people who report different levels of happiness across different regions of the United States</b>. In this dataset, there are 3 levels of happiness categorized as “very happy”, “pretty happy”, and “not too happy” and 4 regions spanning the East Coast, Midwest, South, and West Coast.",numerical,happiness_x1region_facethappy_reorderlarge_to_small_colorrainbow.png,"happiness_x1happy_facetnone_reorderalph_colorrainbow.png,happiness_x1happy_facetnone_reorderlarge_to_small_colorrainbow.png,happiness_x1happy_facetregion_reorderalph_colorrainbow.png,happiness_x1happy_facetregion_reorderlarge_to_small_colorrainbow.png,happiness_x1region_facethappy_reorderalph_colorrainbow.png,happiness_x1region_facethappy_reorderlarge_to_small_colorrainbow.png,happiness_x1region_facetnone_reorderalph_colorrainbow.png,happiness_x1region_facetnone_reorderlarge_to_small_colorrainbow.png",,CAT2xCAT1,happy,region,2.5,F,*,F,T,T,T,happy,region
tenmilerace,barchart,Cherry Blossom Race,sex,state,time,"On average, how long does it take women from DC to complete the race?",retrieve_value,1,"This data visualization is intended to show information about: <b>marathon times of runners from different states across the United States</b>. In this dataset, there are 2 reported genders “Men” and “Women” and 3 states spanning Virginia “VA), District Columbia (DC), and “Maryland (MD).",numerical,race_x1state_facetsex_reorderlarge_to_small_colorrainbow.png,"race_x1state_facetsex_reorderlarge_to_small_colorrainbow.png,race_x1sex_facetnone_reorderalph_colorrainbow.png,race_x1sex_facetnone_reorderlarge_to_small_colorrainbow.png,race_x1sex_facetstate_reorderalph_colorrainbow.png,race_x1sex_facetstate_reorderlarge_to_small_colorrainbow.png,race_x1state_facetnone_reorderalph_colorrainbow.png,race_x1state_facetnone_reorderlarge_to_small_colorrainbow.png,race_x1state_facetsex_reorderalph_colorrainbow.png",,CAT2xCAT1,sex,state,1.75,F,T,F,T,T,T,sex,state
tenmilerace,barchart,Cherry Blossom Race,sex,state,time,"On average, how long does it take women to complete the race?",retrieve_value,2,"This data visualization is intended to show information about: <b>marathon times of runners from different states across the United States</b>. In this dataset, there are 2 reported genders “Men” and “Women” and 3 states spanning Virginia “VA), District Columbia (DC), and “Maryland (MD).",numerical,race_x1sex_facetnone_reorderlarge_to_small_colorrainbow.png,"race_x1state_facetsex_reorderlarge_to_small_colorrainbow.png,race_x1sex_facetnone_reorderalph_colorrainbow.png,race_x1sex_facetnone_reorderlarge_to_small_colorrainbow.png,race_x1sex_facetstate_reorderalph_colorrainbow.png,race_x1sex_facetstate_reorderlarge_to_small_colorrainbow.png,race_x1state_facetnone_reorderalph_colorrainbow.png,race_x1state_facetnone_reorderlarge_to_small_colorrainbow.png,race_x1state_facetsex_reorderalph_colorrainbow.png",,CAT1,sex,state,1.74,*,T,F,T,T,F,sex,NA
tenmilerace,barchart,Cherry Blossom Race,sex,state,time,"On average, how much longer does it take women to complete the race relative to men? ",make_comparisons,3,"This data visualization is intended to show information about: <b>marathon times of runners from different states across the United States</b>. In this dataset, there are 2 reported genders “Men” and “Women” and 3 states spanning Virginia “VA), District Columbia (DC), and “Maryland (MD).",numerical,race_x1sex_facetnone_reorderlarge_to_small_colorrainbow.png,"race_x1state_facetsex_reorderlarge_to_small_colorrainbow.png,race_x1sex_facetnone_reorderalph_colorrainbow.png,race_x1sex_facetnone_reorderlarge_to_small_colorrainbow.png,race_x1sex_facetstate_reorderalph_colorrainbow.png,race_x1sex_facetstate_reorderlarge_to_small_colorrainbow.png,race_x1state_facetnone_reorderalph_colorrainbow.png,race_x1state_facetnone_reorderlarge_to_small_colorrainbow.png,race_x1state_facetsex_reorderalph_colorrainbow.png",,CAT1,sex,state,0.25,*,T,F,T,T,F,sex,NA
tenmilerace,barchart,Cherry Blossom Race,sex,state,time,"On average, how much longer does it take women from VA to complete the race compared to women from MD? ",make_comparisons,4,"This data visualization is intended to show information about: <b>marathon times of runners from different states across the United States</b>. In this dataset, there are 2 reported genders “Men” and “Women” and 3 states spanning Virginia “VA), District Columbia (DC), and “Maryland (MD).",numerical,race_x1sex_facetstate_reorderlarge_to_small_colorrainbow.png,"race_x1state_facetsex_reorderlarge_to_small_colorrainbow.png,race_x1sex_facetnone_reorderalph_colorrainbow.png,race_x1sex_facetnone_reorderlarge_to_small_colorrainbow.png,race_x1sex_facetstate_reorderalph_colorrainbow.png,race_x1sex_facetstate_reorderlarge_to_small_colorrainbow.png,race_x1state_facetnone_reorderalph_colorrainbow.png,race_x1state_facetnone_reorderlarge_to_small_colorrainbow.png,race_x1state_facetsex_reorderalph_colorrainbow.png",,CAT1xCAT2,sex,state,0.06,F,*,F,T,T,T,sex,state
tenmilerace,barchart,Cherry Blossom Race,sex,state,time,How much longer does it take runners from the state with the longest times to complete the race compared to runners from the state with the fastest times?,determine_range,5,"This data visualization is intended to show information about: <b>marathon times of runners from different states across the United States</b>. In this dataset, there are 2 reported genders “Men” and “Women” and 3 states spanning Virginia “VA), District Columbia (DC), and “Maryland (MD).",numerical,race_x1state_facetnone_reorderlarge_to_small_colorrainbow.png,"race_x1state_facetsex_reorderlarge_to_small_colorrainbow.png,race_x1sex_facetnone_reorderalph_colorrainbow.png,race_x1sex_facetnone_reorderlarge_to_small_colorrainbow.png,race_x1sex_facetstate_reorderalph_colorrainbow.png,race_x1sex_facetstate_reorderlarge_to_small_colorrainbow.png,race_x1state_facetnone_reorderalph_colorrainbow.png,race_x1state_facetnone_reorderlarge_to_small_colorrainbow.png,race_x1state_facetsex_reorderalph_colorrainbow.png",,CAT2,sex,state,0.05,F,T,*,T,F,T,NA,state
tenmilerace,barchart,Cherry Blossom Race,sex,state,time,"Within women, how much longer does it take runners from the state with the longest times to complete the race compared to runners from the state with the fastest times?",determine_range,6,"This data visualization is intended to show information about: <b>marathon times of runners from different states across the United States</b>. In this dataset, there are 2 reported genders “Men” and “Women” and 3 states spanning Virginia “VA), District Columbia (DC), and “Maryland (MD).",numerical,race_x1state_facetsex_reorderlarge_to_small_colorrainbow.png,"race_x1state_facetsex_reorderlarge_to_small_colorrainbow.png,race_x1sex_facetnone_reorderalph_colorrainbow.png,race_x1sex_facetnone_reorderlarge_to_small_colorrainbow.png,race_x1sex_facetstate_reorderalph_colorrainbow.png,race_x1sex_facetstate_reorderlarge_to_small_colorrainbow.png,race_x1state_facetnone_reorderalph_colorrainbow.png,race_x1state_facetnone_reorderlarge_to_small_colorrainbow.png,race_x1state_facetsex_reorderalph_colorrainbow.png",,CAT2xCAT1,sex,state,0.06,F,*,F,T,T,T,sex,state
pizzaplace,barchart,Pizza Sales,size,name,order_count,"On average, how many orders of large pepperoni pizzas are made?",retrieve_value,1,"This data visualization is intended to show information about: <b>number of pizza orders for different kinds of pizzas across different sizes</b>. In this dataset, there are 4 kinds of pizzas “bbq chicken”, “deluxe”, “hawaiian”, and “pepperoni” and 3 different sizes of large (L), medium (M), and small (S).",numerical,pizza_x1name_facetsize_reorderlarge_to_small_colorrainbow.png,"pizza_x1name_facetnone_reorderalph_colorrainbow.png,pizza_x1name_facetnone_reorderlarge_to_small_colorrainbow.png,pizza_x1name_facetsize_reorderalph_colorrainbow.png,pizza_x1name_facetsize_reorderlarge_to_small_colorrainbow.png,pizza_x1size_facetname_reorderalph_colorrainbow.png,pizza_x1size_facetname_reorderlarge_to_small_colorrainbow.png,pizza_x1size_facetnone_reorderalph_colorrainbow.png,pizza_x1size_facetnone_reorderlarge_to_small_colorrainbow.png",,CAT2xCAT1,size,name,5,F,T,F,T,T,T,size,name
pizzaplace,barchart,Pizza Sales,size,name,order_count,"On average, how many orders of large pizzas are made?",retrieve_value,2,"This data visualization is intended to show information about: <b>number of pizza orders for different kinds of pizzas across different sizes</b>. In this dataset, there are 4 kinds of pizzas “bbq chicken”, “deluxe”, “hawaiian”, and “pepperoni” and 3 different sizes of large (L), medium (M), and small (S).",numerical,pizza_x1size_facetnone_reorderlarge_to_small_colorrainbow.png,"pizza_x1name_facetnone_reorderalph_colorrainbow.png,pizza_x1name_facetnone_reorderlarge_to_small_colorrainbow.png,pizza_x1name_facetsize_reorderalph_colorrainbow.png,pizza_x1name_facetsize_reorderlarge_to_small_colorrainbow.png,pizza_x1size_facetname_reorderalph_colorrainbow.png,pizza_x1size_facetname_reorderlarge_to_small_colorrainbow.png,pizza_x1size_facetnone_reorderalph_colorrainbow.png,pizza_x1size_facetnone_reorderlarge_to_small_colorrainbow.png",,CAT1,size,name,5.04,*,T,F,T,T,F,size,NA
pizzaplace,barchart,Pizza Sales,size,name,order_count,"On average, how many more orders are made of large pizzas compared to small pizzas?",make_comparisons,3,"This data visualization is intended to show information about: <b>number of pizza orders for different kinds of pizzas across different sizes</b>. In this dataset, there are 4 kinds of pizzas “bbq chicken”, “deluxe”, “hawaiian”, and “pepperoni” and 3 different sizes of large (L), medium (M), and small (S).",numerical,pizza_x1size_facetnone_reorderlarge_to_small_colorrainbow.png,"pizza_x1name_facetnone_reorderalph_colorrainbow.png,pizza_x1name_facetnone_reorderlarge_to_small_colorrainbow.png,pizza_x1name_facetsize_reorderalph_colorrainbow.png,pizza_x1name_facetsize_reorderlarge_to_small_colorrainbow.png,pizza_x1size_facetname_reorderalph_colorrainbow.png,pizza_x1size_facetname_reorderlarge_to_small_colorrainbow.png,pizza_x1size_facetnone_reorderalph_colorrainbow.png,pizza_x1size_facetnone_reorderlarge_to_small_colorrainbow.png",,CAT1,size,name,0.44,*,T,F,T,T,F,size,NA
pizzaplace,barchart,Pizza Sales,size,name,order_count,"On average, how many more orders of large pepperoni pizzas are made compared to large Hawaiian pizzas?",make_comparisons,4,"This data visualization is intended to show information about: <b>number of pizza orders for different kinds of pizzas across different sizes</b>. In this dataset, there are 4 kinds of pizzas “bbq chicken”, “deluxe”, “hawaiian”, and “pepperoni” and 3 different sizes of large (L), medium (M), and small (S).",numerical,pizza_x1size_facetname_reorderlarge_to_small_colorrainbow.png,"pizza_x1name_facetnone_reorderalph_colorrainbow.png,pizza_x1name_facetnone_reorderlarge_to_small_colorrainbow.png,pizza_x1name_facetsize_reorderalph_colorrainbow.png,pizza_x1name_facetsize_reorderlarge_to_small_colorrainbow.png,pizza_x1size_facetname_reorderalph_colorrainbow.png,pizza_x1size_facetname_reorderlarge_to_small_colorrainbow.png,pizza_x1size_facetnone_reorderalph_colorrainbow.png,pizza_x1size_facetnone_reorderlarge_to_small_colorrainbow.png",,CAT1xCAT2,size,name,0.4,F,*,F,T,T,T,size,name
pizzaplace,barchart,Pizza Sales,size,name,order_count,How many more orders of pizzas are made between the pizza type with the most orders compared to the type with the lowest orders? ,determine_range,5,"This data visualization is intended to show information about: <b>number of pizza orders for different kinds of pizzas across different sizes</b>. In this dataset, there are 4 kinds of pizzas “bbq chicken”, “deluxe”, “hawaiian”, and “pepperoni” and 3 different sizes of large (L), medium (M), and small (S).",numerical,pizza_x1name_facetnone_reorderlarge_to_small_colorrainbow.png,"pizza_x1name_facetnone_reorderalph_colorrainbow.png,pizza_x1name_facetnone_reorderlarge_to_small_colorrainbow.png,pizza_x1name_facetsize_reorderalph_colorrainbow.png,pizza_x1name_facetsize_reorderlarge_to_small_colorrainbow.png,pizza_x1size_facetname_reorderalph_colorrainbow.png,pizza_x1size_facetname_reorderlarge_to_small_colorrainbow.png,pizza_x1size_facetnone_reorderalph_colorrainbow.png,pizza_x1size_facetnone_reorderlarge_to_small_colorrainbow.png",,CAT2,size,name,0.42,F,T,*,T,F,T,NA,name
pizzaplace,barchart,Pizza Sales,size,name,order_count,"Among small pizzas, how many more orders are made of most frequently ordered type of pizza compared to least frequently ordered type of pizza?",determine_range,6,"This data visualization is intended to show information about: <b>number of pizza orders for different kinds of pizzas across different sizes</b>. In this dataset, there are 4 kinds of pizzas “bbq chicken”, “deluxe”, “hawaiian”, and “pepperoni” and 3 different sizes of large (L), medium (M), and small (S).",numerical,pizza_x1name_facetsize_reorderlarge_to_small_colorrainbow.png,"pizza_x1name_facetnone_reorderalph_colorrainbow.png,pizza_x1name_facetnone_reorderlarge_to_small_colorrainbow.png,pizza_x1name_facetsize_reorderalph_colorrainbow.png,pizza_x1name_facetsize_reorderlarge_to_small_colorrainbow.png,pizza_x1size_facetname_reorderalph_colorrainbow.png,pizza_x1size_facetname_reorderlarge_to_small_colorrainbow.png,pizza_x1size_facetnone_reorderalph_colorrainbow.png,pizza_x1size_facetnone_reorderlarge_to_small_colorrainbow.png",,CAT2xCAT1,size,name,1.11,F,*,F,T,T,T,size,name
star,barchart,Student Teacher Achievement Ratio,class_type,grade,read,"On average, what is the reading score of 3rd graders who are in regular sized classrooms? ",retrieve_value,1,"This data visualization is intended to show information about: <b>reading scores of elementary school students from different classroom types across different grade levels</b>. In this dataset, there are 3 types of classrooms categorized as “regular-sized (reg)”, “regular-sized with a teaching assistant (reg+A)”, and “small” and 4 grade levels spanning kindergarten, 1st grade, 2nd grade, and 3rd grade.",numerical,star_x1grade_facetclass_type_reorderlarge_to_small_colorrainbow.png,"star_x1grade_facetnone_reorderlarge_to_small_colorrainbow.png,star_x1class_type_facetgrade_reorderalph_colorrainbow.png,star_x1class_type_facetgrade_reorderlarge_to_small_colorrainbow.png,star_x1class_type_facetnone_reorderalph_colorrainbow.png,star_x1class_type_facetnone_reorderlarge_to_small_colorrainbow.png,star_x1grade_facetclass_type_reorderalph_colorrainbow.png,star_x1grade_facetclass_type_reorderlarge_to_small_colorrainbow.png,star_x1grade_facetnone_reorderalph_colorrainbow.png",,CAT2xCAT1,class_type,grade,573,F,T,F,T,T,T,class_type,grade
star,barchart,Student Teacher Achievement Ratio,class_type,grade,read,"On average, what is the reading score of students who are in regular-sized classrooms? ",retrieve_value,2,"This data visualization is intended to show information about: <b>reading scores of elementary school students from different classroom types across different grade levels</b>. In this dataset, there are 3 types of classrooms categorized as “regular-sized (reg)”, “regular-sized with a teaching assistant (reg+A)”, and “small” and 4 grade levels spanning kindergarten, 1st grade, 2nd grade, and 3rd grade.",numerical,star_x1class_type_facetnone_reorderlarge_to_small_colorrainbow.png,"star_x1grade_facetnone_reorderlarge_to_small_colorrainbow.png,star_x1class_type_facetgrade_reorderalph_colorrainbow.png,star_x1class_type_facetgrade_reorderlarge_to_small_colorrainbow.png,star_x1class_type_facetnone_reorderalph_colorrainbow.png,star_x1class_type_facetnone_reorderlarge_to_small_colorrainbow.png,star_x1grade_facetclass_type_reorderalph_colorrainbow.png,star_x1grade_facetclass_type_reorderlarge_to_small_colorrainbow.png,star_x1grade_facetnone_reorderalph_colorrainbow.png",,CAT1,class_type,grade,492.11,*,T,F,T,T,F,class_type,NA
star,barchart,Student Teacher Achievement Ratio,class_type,grade,read,"On average, how much higher are reading scores of students in small-sized classrooms compared to regular-sized classrooms? ",make_comparisons,3,"This data visualization is intended to show information about: <b>reading scores of elementary school students from different classroom types across different grade levels</b>. In this dataset, there are 3 types of classrooms categorized as “regular-sized (reg)”, “regular-sized with a teaching assistant (reg+A)”, and “small” and 4 grade levels spanning kindergarten, 1st grade, 2nd grade, and 3rd grade.",numerical,star_x1class_type_facetnone_reorderlarge_to_small_colorrainbow.png,"star_x1grade_facetnone_reorderlarge_to_small_colorrainbow.png,star_x1class_type_facetgrade_reorderalph_colorrainbow.png,star_x1class_type_facetgrade_reorderlarge_to_small_colorrainbow.png,star_x1class_type_facetnone_reorderalph_colorrainbow.png,star_x1class_type_facetnone_reorderlarge_to_small_colorrainbow.png,star_x1grade_facetclass_type_reorderalph_colorrainbow.png,star_x1grade_facetclass_type_reorderlarge_to_small_colorrainbow.png,star_x1grade_facetnone_reorderalph_colorrainbow.png",,CAT1,class_type,grade,51.31,*,T,F,T,T,F,class_type,NA
star,barchart,Student Teacher Achievement Ratio,class_type,grade,read,"On average, how much higher are reading scores by 3rd graders in regular-sized classrooms compared to kindergarteners in regular-sized classrooms?",make_comparisons,4,"This data visualization is intended to show information about: <b>reading scores of elementary school students from different classroom types across different grade levels</b>. In this dataset, there are 3 types of classrooms categorized as “regular-sized (reg)”, “regular-sized with a teaching assistant (reg+A)”, and “small” and 4 grade levels spanning kindergarten, 1st grade, 2nd grade, and 3rd grade.",numerical,star_x1class_type_facetgrade_reorderlarge_to_small_colorrainbow.png,"star_x1grade_facetnone_reorderlarge_to_small_colorrainbow.png,star_x1class_type_facetgrade_reorderalph_colorrainbow.png,star_x1class_type_facetgrade_reorderlarge_to_small_colorrainbow.png,star_x1class_type_facetnone_reorderalph_colorrainbow.png,star_x1class_type_facetnone_reorderlarge_to_small_colorrainbow.png,star_x1grade_facetclass_type_reorderalph_colorrainbow.png,star_x1grade_facetclass_type_reorderlarge_to_small_colorrainbow.png,star_x1grade_facetnone_reorderalph_colorrainbow.png",,CAT1xCAT2,class_type,grade,151.8,F,*,F,T,T,T,class_type,grade
star,barchart,Student Teacher Achievement Ratio,class_type,grade,read,How much higher are reading scores between the grade with the highest scores compared to the grade with the lowest score?,determine_range,5,"This data visualization is intended to show information about: <b>reading scores of elementary school students from different classroom types across different grade levels</b>. In this dataset, there are 3 types of classrooms categorized as “regular-sized (reg)”, “regular-sized with a teaching assistant (reg+A)”, and “small” and 4 grade levels spanning kindergarten, 1st grade, 2nd grade, and 3rd grade.",numerical,star_x1grade_facetnone_reorderlarge_to_small_colorrainbow.png,"star_x1grade_facetnone_reorderlarge_to_small_colorrainbow.png,star_x1class_type_facetgrade_reorderalph_colorrainbow.png,star_x1class_type_facetgrade_reorderlarge_to_small_colorrainbow.png,star_x1class_type_facetnone_reorderalph_colorrainbow.png,star_x1class_type_facetnone_reorderlarge_to_small_colorrainbow.png,star_x1grade_facetclass_type_reorderalph_colorrainbow.png,star_x1grade_facetclass_type_reorderlarge_to_small_colorrainbow.png,star_x1grade_facetnone_reorderalph_colorrainbow.png",,CAT2,class_type,grade,199.19,F,T,*,T,F,T,NA,grade
star,barchart,Student Teacher Achievement Ratio,class_type,grade,read,"Within small classrooms, how much higher are reading scores between the grade with the highest score compared to the grade with the lowest score?",determine_range,6,"This data visualization is intended to show information about: <b>reading scores of elementary school students from different classroom types across different grade levels</b>. In this dataset, there are 3 types of classrooms categorized as “regular-sized (reg)”, “regular-sized with a teaching assistant (reg+A)”, and “small” and 4 grade levels spanning kindergarten, 1st grade, 2nd grade, and 3rd grade.",numerical,star_x1grade_facetclass_type_reorderlarge_to_small_colorrainbow.png,"star_x1grade_facetnone_reorderlarge_to_small_colorrainbow.png,star_x1class_type_facetgrade_reorderalph_colorrainbow.png,star_x1class_type_facetgrade_reorderlarge_to_small_colorrainbow.png,star_x1class_type_facetnone_reorderalph_colorrainbow.png,star_x1class_type_facetnone_reorderlarge_to_small_colorrainbow.png,star_x1grade_facetclass_type_reorderalph_colorrainbow.png,star_x1grade_facetclass_type_reorderlarge_to_small_colorrainbow.png,star_x1grade_facetnone_reorderalph_colorrainbow.png",,CAT2xCAT1,class_type,grade,206.56,F,*,F,T,T,T,class_type,grade
storms,barchart,Storm Tracking,status,name,wind,"On average, how many miles per hour was Emily when categorized as a hurricane?",retrieve_value,1,"This data visualization is intended to show information about: <b>wind speeds (mph) of different storms categorized at different levels</b>. In this dataset, there are 4 storms named “Alberto”, “Bonnie”, “Claudette”, and “Emily” and 4 storm levels categorized as hurricanes, tropical storms, and tropical depressions.",numerical,storms_x1name_facetstatus_reorderlarge_to_small_colorrainbow.png,"storms_x1name_facetnone_reorderalph_colorrainbow.png,storms_x1name_facetnone_reorderlarge_to_small_colorrainbow.png,storms_x1name_facetstatus_reorderalph_colorrainbow.png,storms_x1name_facetstatus_reorderlarge_to_small_colorrainbow.png,storms_x1status_facetname_reorderalph_colorrainbow.png,storms_x1status_facetname_reorderlarge_to_small_colorrainbow.png,storms_x1status_facetnone_reorderalph_colorrainbow.png,storms_x1status_facetnone_reorderlarge_to_small_colorrainbow.png",,CAT2xCAT1,status,name,85,F,T,F,T,T,T,status,name
storms,barchart,Storm Tracking,status,name,wind,"On average, how many miles per hour are storms categorized as tropical storms?",retrieve_value,2,"This data visualization is intended to show information about: <b>wind speeds (mph) of different storms categorized at different levels</b>. In this dataset, there are 4 storms named “Alberto”, “Bonnie”, “Claudette”, and “Emily” and 4 storm levels categorized as hurricanes, tropical storms, and tropical depressions.",numerical,storms_x1status_facetnone_reorderlarge_to_small_colorrainbow.png,"storms_x1name_facetnone_reorderalph_colorrainbow.png,storms_x1name_facetnone_reorderlarge_to_small_colorrainbow.png,storms_x1name_facetstatus_reorderalph_colorrainbow.png,storms_x1name_facetstatus_reorderlarge_to_small_colorrainbow.png,storms_x1status_facetname_reorderalph_colorrainbow.png,storms_x1status_facetname_reorderlarge_to_small_colorrainbow.png,storms_x1status_facetnone_reorderalph_colorrainbow.png,storms_x1status_facetnone_reorderlarge_to_small_colorrainbow.png",,CAT1,status,name,43.82,*,T,F,T,T,F,status,NA
storms,barchart,Storm Tracking,status,name,wind,"On average, how many miles per hour faster are storms categorized as hurricanes compared to those categorized as tropical depressions?",make_comparisons,3,"This data visualization is intended to show information about: <b>wind speeds (mph) of different storms categorized at different levels</b>. In this dataset, there are 4 storms named “Alberto”, “Bonnie”, “Claudette”, and “Emily” and 4 storm levels categorized as hurricanes, tropical storms, and tropical depressions.",numerical,storms_x1status_facetnone_reorderlarge_to_small_colorrainbow.png,"storms_x1name_facetnone_reorderalph_colorrainbow.png,storms_x1name_facetnone_reorderlarge_to_small_colorrainbow.png,storms_x1name_facetstatus_reorderalph_colorrainbow.png,storms_x1name_facetstatus_reorderlarge_to_small_colorrainbow.png,storms_x1status_facetname_reorderalph_colorrainbow.png,storms_x1status_facetname_reorderlarge_to_small_colorrainbow.png,storms_x1status_facetnone_reorderalph_colorrainbow.png,storms_x1status_facetnone_reorderlarge_to_small_colorrainbow.png",,CAT1,status,name,56.29,*,T,F,T,T,F,status,NA
storms,barchart,Storm Tracking,status,name,wind,"On average, how many miles per hour faster was Hurricane Alberto compared to Hurricane Claudette?",make_comparisons,4,"This data visualization is intended to show information about: <b>wind speeds (mph) of different storms categorized at different levels</b>. In this dataset, there are 4 storms named “Alberto”, “Bonnie”, “Claudette”, and “Emily” and 4 storm levels categorized as hurricanes, tropical storms, and tropical depressions.",numerical,storms_x1status_facetname_reorderlarge_to_small_colorrainbow.png,"storms_x1name_facetnone_reorderalph_colorrainbow.png,storms_x1name_facetnone_reorderlarge_to_small_colorrainbow.png,storms_x1name_facetstatus_reorderalph_colorrainbow.png,storms_x1name_facetstatus_reorderlarge_to_small_colorrainbow.png,storms_x1status_facetname_reorderalph_colorrainbow.png,storms_x1status_facetname_reorderlarge_to_small_colorrainbow.png,storms_x1status_facetnone_reorderalph_colorrainbow.png,storms_x1status_facetnone_reorderlarge_to_small_colorrainbow.png",,CAT1xCAT2,status,name,2,F,*,F,T,T,T,status,name
storms,barchart,Storm Tracking,status,name,wind,How many miles per hour faster was the fastest storm compared to the slowest storm?,determine_range,5,"This data visualization is intended to show information about: <b>wind speeds (mph) of different storms categorized at different levels</b>. In this dataset, there are 4 storms named “Alberto”, “Bonnie”, “Claudette”, and “Emily” and 4 storm levels categorized as hurricanes, tropical storms, and tropical depressions.",numerical,storms_x1name_facetnone_reorderlarge_to_small_colorrainbow.png,"storms_x1name_facetnone_reorderalph_colorrainbow.png,storms_x1name_facetnone_reorderlarge_to_small_colorrainbow.png,storms_x1name_facetstatus_reorderalph_colorrainbow.png,storms_x1name_facetstatus_reorderlarge_to_small_colorrainbow.png,storms_x1status_facetname_reorderalph_colorrainbow.png,storms_x1status_facetname_reorderlarge_to_small_colorrainbow.png,storms_x1status_facetnone_reorderalph_colorrainbow.png,storms_x1status_facetnone_reorderlarge_to_small_colorrainbow.png",,CAT2,status,name,21.61,F,T,*,T,F,T,NA,name
storms,barchart,Storm Tracking,status,name,wind,"Within storms categorized as hurricanes, how many more miles per hour was the fastest storm compared to the slowest storm? ",determine_range,6,"This data visualization is intended to show information about: <b>wind speeds (mph) of different storms categorized at different levels</b>. In this dataset, there are 4 storms named “Alberto”, “Bonnie”, “Claudette”, and “Emily” and 4 storm levels categorized as hurricanes, tropical storms, and tropical depressions.",numerical,storms_x1name_facetstatus_reorderlarge_to_small_colorrainbow.png,"storms_x1name_facetnone_reorderalph_colorrainbow.png,storms_x1name_facetnone_reorderlarge_to_small_colorrainbow.png,storms_x1name_facetstatus_reorderalph_colorrainbow.png,storms_x1name_facetstatus_reorderlarge_to_small_colorrainbow.png,storms_x1status_facetname_reorderalph_colorrainbow.png,storms_x1status_facetname_reorderlarge_to_small_colorrainbow.png,storms_x1status_facetnone_reorderalph_colorrainbow.png,storms_x1status_facetnone_reorderlarge_to_small_colorrainbow.png",,CAT2xCAT1,status,name,12.08,F,*,F,T,T,T,status,name
accidents,barchart,Car Accidents,occRole,decade,injSeverity,"On average, what was the injury severity level of drivers in the 1990s?",retrieve_value,1,"This data visualization is intended to show information about: <b>severity level of injuries reported for during car accidents across different decades</b>. In this dataset, there are 2 reported injury types for “drivers” and “passengers” and 2 decades spanning the “1990s” and “2000s”.",numerical,accidents_x1decade_facetoccRole_reorderlarge_to_small_colorrainbow.png,"accidents_x1decade_facetnone_reorderalph_colorrainbow.png,accidents_x1decade_facetnone_reorderlarge_to_small_colorrainbow.png,accidents_x1decade_facetoccRole_reorderalph_colorrainbow.png,accidents_x1decade_facetoccRole_reorderlarge_to_small_colorrainbow.png,accidents_x1occRole_facetdecade_reorderalph_colorrainbow.png,accidents_x1occRole_facetdecade_reorderlarge_to_small_colorrainbow.png,accidents_x1occRole_facetnone_reorderalph_colorrainbow.png,accidents_x1occRole_facetnone_reorderlarge_to_small_colorrainbow.png",,CAT2xCAT1,occRole,decade,1.71,F,T,F,T,T,T,occRole,decade
accidents,barchart,Car Accidents,occRole,decade,injSeverity,"On average, what is injury severity level of drivers?",retrieve_value,2,"This data visualization is intended to show information about: <b>severity level of injuries reported for during car accidents across different decades</b>. In this dataset, there are 2 reported injury types for “drivers” and “passengers” and 2 decades spanning the “1990s” and “2000s”.",numerical,accidents_x1occRole_facetnone_reorderlarge_to_small_colorrainbow.png,"accidents_x1decade_facetnone_reorderalph_colorrainbow.png,accidents_x1decade_facetnone_reorderlarge_to_small_colorrainbow.png,accidents_x1decade_facetoccRole_reorderalph_colorrainbow.png,accidents_x1decade_facetoccRole_reorderlarge_to_small_colorrainbow.png,accidents_x1occRole_facetdecade_reorderalph_colorrainbow.png,accidents_x1occRole_facetdecade_reorderlarge_to_small_colorrainbow.png,accidents_x1occRole_facetnone_reorderalph_colorrainbow.png,accidents_x1occRole_facetnone_reorderlarge_to_small_colorrainbow.png",,CAT1,occRole,decade,1.78,*,T,F,T,T,F,occRole,NA
accidents,barchart,Car Accidents,occRole,decade,injSeverity,"On average, how much higher is the injury severity level of backseat passengers compared to drivers?",make_comparisons,3,"This data visualization is intended to show information about: <b>severity level of injuries reported for during car accidents across different decades</b>. In this dataset, there are 2 reported injury types for “drivers” and “passengers” and 2 decades spanning the “1990s” and “2000s”.",numerical,accidents_x1occRole_facetnone_reorderlarge_to_small_colorrainbow.png,"accidents_x1decade_facetnone_reorderalph_colorrainbow.png,accidents_x1decade_facetnone_reorderlarge_to_small_colorrainbow.png,accidents_x1decade_facetoccRole_reorderalph_colorrainbow.png,accidents_x1decade_facetoccRole_reorderlarge_to_small_colorrainbow.png,accidents_x1occRole_facetdecade_reorderalph_colorrainbow.png,accidents_x1occRole_facetdecade_reorderlarge_to_small_colorrainbow.png,accidents_x1occRole_facetnone_reorderalph_colorrainbow.png,accidents_x1occRole_facetnone_reorderlarge_to_small_colorrainbow.png",,CAT1,occRole,decade,0.31,*,T,F,T,T,F,occRole,NA
accidents,barchart,Car Accidents,occRole,decade,injSeverity,"On average, how much higher are the injury severity levels of drivers compared to backseat passengers in the 1990s?",make_comparisons,4,"This data visualization is intended to show information about: <b>severity level of injuries reported for during car accidents across different decades</b>. In this dataset, there are 2 reported injury types for “drivers” and “passengers” and 2 decades spanning the “1990s” and “2000s”.",numerical,accidents_x1occRole_facetdecade_reorderlarge_to_small_colorrainbow.png,"accidents_x1decade_facetnone_reorderalph_colorrainbow.png,accidents_x1decade_facetnone_reorderlarge_to_small_colorrainbow.png,accidents_x1decade_facetoccRole_reorderalph_colorrainbow.png,accidents_x1decade_facetoccRole_reorderlarge_to_small_colorrainbow.png,accidents_x1occRole_facetdecade_reorderalph_colorrainbow.png,accidents_x1occRole_facetdecade_reorderlarge_to_small_colorrainbow.png,accidents_x1occRole_facetnone_reorderalph_colorrainbow.png,accidents_x1occRole_facetnone_reorderlarge_to_small_colorrainbow.png",,CAT1xCAT2,occRole,decade,0.21,F,*,F,T,T,T,occRole,decade
accidents,barchart,Car Accidents,occRole,decade,injSeverity,How much higher is the injury severity level of accidents in the decade with the higher severity compared to the lower severity?,determine_range,5,"This data visualization is intended to show information about: <b>severity level of injuries reported for during car accidents across different decades</b>. In this dataset, there are 2 reported injury types for “drivers” and “passengers” and 2 decades spanning the “1990s” and “2000s”.",numerical,accidents_x1decade_facetnone_reorderlarge_to_small_colorrainbow.png,"accidents_x1decade_facetnone_reorderalph_colorrainbow.png,accidents_x1decade_facetnone_reorderlarge_to_small_colorrainbow.png,accidents_x1decade_facetoccRole_reorderalph_colorrainbow.png,accidents_x1decade_facetoccRole_reorderlarge_to_small_colorrainbow.png,accidents_x1occRole_facetdecade_reorderalph_colorrainbow.png,accidents_x1occRole_facetdecade_reorderlarge_to_small_colorrainbow.png,accidents_x1occRole_facetnone_reorderalph_colorrainbow.png,accidents_x1occRole_facetnone_reorderlarge_to_small_colorrainbow.png",,CAT2,occRole,decade,0.36,F,T,*,T,F,T,NA,decade
accidents,barchart,Car Accidents,occRole,decade,injSeverity,"Within of injuries involving backseat passengers, how much higher is the injury severity level in the decade with the higher severity compared to the decade with the lower severity? ",determine_range,6,"This data visualization is intended to show information about: <b>severity level of injuries reported for during car accidents across different decades</b>. In this dataset, there are 2 reported injury types for “drivers” and “passengers” and 2 decades spanning the “1990s” and “2000s”.",numerical,accidents_x1decade_facetoccRole_reorderlarge_to_small_colorrainbow.png,"accidents_x1decade_facetnone_reorderalph_colorrainbow.png,accidents_x1decade_facetnone_reorderlarge_to_small_colorrainbow.png,accidents_x1decade_facetoccRole_reorderalph_colorrainbow.png,accidents_x1decade_facetoccRole_reorderlarge_to_small_colorrainbow.png,accidents_x1occRole_facetdecade_reorderalph_colorrainbow.png,accidents_x1occRole_facetdecade_reorderlarge_to_small_colorrainbow.png,accidents_x1occRole_facetnone_reorderalph_colorrainbow.png,accidents_x1occRole_facetnone_reorderlarge_to_small_colorrainbow.png",,CAT2xCAT1,occRole,decade,0.96,F,*,F,T,T,T,occRole,decade